id,name,model_id,group_id/id,operation,domain
access_l10n_py_edi_log_user,l10n_py.edi.log.user,l10n_py.edi.log,base.group_user,r,
access_l10n_py_edi_log_manager,l10n_py.edi.log.manager,l10n_py.edi.log,account.group_account_manager,crud,
access_l10n_py_edi_document_type_user,l10n_py.edi.document.type.user,l10n_py.edi.document.type,base.group_user,r,
access_l10n_py_edi_document_type_manager,l10n_py.edi.document.type.manager,l10n_py.edi.document.type,account.group_account_manager,crud,
access_account_move_send_edi_wizard,access_account_move_send_edi_wizard,account.move.send.edi.wizard,base.group_user,cru,
access_l10n_py_edi_cancel_wizard,access_l10n_py_edi_cancel_wizard,l10n_py.edi.cancel.wizard,base.group_user,cru,
access_l10n_py_associated_document_user,l10n_py.associated.document.user,l10n_py.associated.document,base.group_user,r,
access_l10n_py_associated_document_manager,l10n_py.associated.document.manager,l10n_py.associated.document,account.group_account_manager,crud,
access_l10n_py_number_inutilization_user,l10n_py.number.inutilization.user,l10n_py.number.inutilization,base.group_user,r,
access_l10n_py_number_inutilization_manager,l10n_py.number.inutilization.manager,l10n_py.number.inutilization,account.group_account_manager,crud,
access_edi_connector_user,l10n_py.edi.connector.user,l10n_py.edi.connector,base.group_user,r,
access_edi_connector_manager,l10n_py.edi.connector.manager,l10n_py.edi.connector,account.group_account_manager,crud,
access_l10n_py_transport_user,l10n_py.transport.user,l10n_py.transport,base.group_user,r,
access_l10n_py_transport_manager,l10n_py.transport.manager,l10n_py.transport,account.group_account_manager,crud,
access_l10n_py_transport_vehicle_user,l10n_py.transport.vehicle.user,l10n_py.transport.vehicle,base.group_user,r,
access_l10n_py_transport_vehicle_manager,l10n_py.transport.vehicle.manager,l10n_py.transport.vehicle,account.group_account_manager,crud,
access_l10n_py_transport_delivery_user,l10n_py.transport.delivery.user,l10n_py.transport.delivery,base.group_user,r,
access_l10n_py_transport_delivery_manager,l10n_py.transport.delivery.manager,l10n_py.transport.delivery,account.group_account_manager,crud,
