id,name,model_id:id,group_id:id,perm_read,perm_write,perm_create,perm_unlink
access_l10n_py_libro_user,l10n_py.libro.user,model_l10n_py_libro,base.group_user,1,0,0,0
access_l10n_py_libro_account,l10n_py.libro.account,model_l10n_py_libro,account.group_account_invoice,1,1,1,1
access_l10n_py_libro_line_user,l10n_py.libro.line.user,model_l10n_py_libro_line,base.group_user,1,0,0,0
access_l10n_py_libro_line_account,l10n_py.libro.line.account,model_l10n_py_libro_line,account.group_account_invoice,1,1,1,1
access_l10n_py_libro_document_type_map_user,l10n_py.libro.document.type.map.user,model_l10n_py_libro_document_type_map,base.group_user,1,0,0,0
access_l10n_py_libro_document_type_map_account,l10n_py.libro.document.type.map.account,model_l10n_py_libro_document_type_map,account.group_account_manager,1,1,1,1
access_l10n_py_libro_identification_type_map_user,l10n_py.libro.identification.type.map.user,model_l10n_py_libro_identification_type_map,base.group_user,1,0,0,0
access_l10n_py_libro_identification_type_map_account,l10n_py.libro.identification.type.map.account,model_l10n_py_libro_identification_type_map,account.group_account_manager,1,1,1,1
access_l10n_py_libro_generate_wizard,l10n_py.libro.generate.wizard,model_l10n_py_libro_generate_wizard,account.group_account_invoice,1,1,1,1
